1,Новиков Петр Романович,79771231212,office_worker,petrpetr2000@mail.ru,E:\Photos\photo1,2022-09-22 09:06:35,
2,Верещагин Дмитрий Дмитриевич,79931231212,office_worker,dimka1999@mail.ru,E:\Photos\photo2,2022-09-22 09:07:25,
3,Иванов Иван Иванович,79161231212,warehouse_worker,ivavan@yandex.ru,E:Chekup,2022-09-22 13:12:03,
4,Иванов Иван Иванович,79161231212,warehouse_worker,ivavan@yandex.ru,E:Chekup,2022-09-22 13:16:42,
5,Иванов Иван Иванович,79161231212,warehouse_worker,ivavan@yandex.ru,E:Chekup,2022-09-22 13:17:03,
6,Иванов Иван Иванович,79161231212,warehouse_worker,ivavan@yandex.ru,E:Chekup,2022-09-22 13:17:04,
7,Иванов Иван Иванович,79161231212,warehouse_worker,ivavan@yandex.ru,E:Chekup,2022-09-22 13:17:04,
8,Иванов Иван Иванович,79161231212,warehouse_worker,ivavan@yandex.ru,E:Chekup,2022-09-22 13:17:05,
9,Иванов Иван Иванович,79161231212,warehouse_worker,ivavan@yandex.ru,E:Chekup,2022-09-22 13:17:05,
10,Иванов Иван Иванович,79161231212,warehouse_worker,ivavan@yandex.ru,E:Chekup,2022-09-22 13:17:05,
11,Иванов Иван Иванович,79161231212,warehouse_worker,ivavan@yandex.ru,E:Chekup,2022-09-22 13:17:06,
12,Иванов Иван Иванович,79161231212,warehouse_worker,ivavan@yandex.ru,E:Chekup,2022-09-22 13:17:06,
13,Иванов Иван Иванович,79161231212,warehouse_worker,ivavan@yandex.ru,E:Chekup,2022-09-22 13:17:07,
14,Иванов Иван Иванович,79161231212,warehouse_worker,ivavan@yandex.ru,E:Chekup,2022-09-22 13:17:07,
15,Иванов Иван Иванович,79161231212,warehouse_worker,ivavan@yandex.ru,E:Chekup,2022-09-22 13:17:08,
16,Иванов Иван Иванович,79161231212,warehouse_worker,ivavan@yandex.ru,E:Chekup,2022-09-22 13:17:08,
17,Иванов Иван Иванович,79161231212,warehouse_worker,ivavan@yandex.ru,E:Chekup,2022-09-22 13:17:08,
18,Иванов Иван Иванович,79161231212,warehouse_worker,ivavan@yandex.ru,E:Chekup,2022-09-22 13:17:09,
19,Иванов Иван Иванович,79161231212,warehouse_worker,ivavan@yandex.ru,E:Chekup,2022-09-22 13:17:09,
20,Иванов Иван Иванович,79161231212,warehouse_worker,ivavan@yandex.ru,E:Chekup,2022-09-22 13:17:10,
21,Иванов Иван Иванович,79161231212,warehouse_worker,ivavan@yandex.ru,E:Chekup,2022-09-22 13:17:10,
22,Иванов Иван Иванович,79161231212,warehouse_worker,ivavan@yandex.ru,E:Chekup,2022-09-22 13:17:11,
23,Иванов Иван Иванович,79161231212,warehouse_worker,ivavan@yandex.ru,E:Chekup,2022-09-22 13:17:11,
24,Иванов Иван Иванович,79161231212,warehouse_worker,ivavan@yandex.ru,E:Chekup,2022-09-22 13:17:11,
25,Иванов Иван Иванович,79161231212,warehouse_worker,ivavan@yandex.ru,E:Chekup,2022-09-22 13:17:16,
